Province_State,2021-01-12,2021-01-13,2021-01-14,2021-01-15,2021-01-16,2021-01-17,2021-01-18,2021-01-19,2021-01-20,2021-01-21,2021-01-22,2021-01-23,2021-01-24,2021-01-25,2021-01-26,2021-01-27,2021-01-28,2021-01-29,2021-01-30,2021-01-31,2021-02-01,2021-02-02,2021-02-03,2021-02-04,2021-02-05,2021-02-06,2021-02-07,2021-02-08,2021-02-09,2021-02-10,2021-02-11,2021-02-12,2021-02-13,2021-02-14,2021-02-15,2021-02-16,2021-02-17,2021-02-18,2021-02-19,2021-02-20,2021-02-21,2021-02-22,2021-02-23,2021-02-24,2021-02-25,2021-02-26,2021-02-27,2021-02-28,2021-03-01,2021-03-02,2021-03-03,2021-03-04,2021-03-05,2021-03-06,2021-03-07,2021-03-08,2021-03-09,2021-03-10,2021-03-11,2021-03-12,2021-03-13,2021-03-14,2021-03-15,2021-03-16,2021-03-17,2021-03-18,2021-03-19,2021-03-20,2021-03-21,2021-03-22,2021-03-23,2021-03-24,2021-03-25,2021-03-26,2021-03-27,2021-03-28,2021-03-29,2021-03-30,2021-03-31
California,10.352841946214014,10.369483160384325,10.3895490611555,10.410094289300497,10.421537021391439,10.42854147231275,10.432997531506247,10.453255004416736,10.471014819171423,10.492301467414055,10.508240582333478,10.521426155498318,10.528810820966973,10.540090836284206,10.558335595161871,10.57262376313457,10.592074350339741,10.609007869159214,10.620766212671002,10.62648475506496,10.638328347645203,10.64917974375984,10.66342852170508,10.677938184160109,10.692399355080452,10.700138526110734,10.705377024100308,10.713105797383161,10.724478104555958,10.734786684478816,10.746691329302752,10.756476331740021,10.765322098614224,10.769852475640558,10.771239088745622,10.779747643353929,10.788452722367374,10.79599775574488,10.80732101380793,10.813377845229255,10.81851748994286,10.822813672953805,10.829669207558254,10.850947439822313,10.860593878910057,10.8673486573177,10.870471398725801,10.874948055543754,10.88081693815073,10.886501916453192,10.891708171973269,10.89875580959371,10.905882583462414,10.910934393452123,10.912521536108178,10.914197158028326,10.919804598477407,10.92442654647573,10.929116877017318,10.935300989665748,10.938130047199616,10.940614432350252,10.94238522187658,10.944559001307589,10.948751805702313,10.953154665021064,10.956300200957314,10.956823496334602,10.957886686527912,10.96237099897524,10.965505010734683,10.969370016581319,10.974660125445457,10.978592359402198,10.981829104361879,10.984427942293221,10.985818008629956,10.98747677678281,10.989942910933607
New York,10.597159595331789,10.601448130091603,10.607475756273947,10.612458868442959,10.616608914303491,10.621180993514074,10.625562268169254,10.630287087057917,10.63556694309786,10.640364495957398,10.644829481945742,10.648634028206454,10.653156833420399,10.658317618283657,10.662586317888776,10.666347345507374,10.67113905526418,10.675422807892987,10.679458186295186,10.683614859597412,10.687526073284142,10.691558474606374,10.695325555718965,10.698717382415014,10.702502620019327,10.706945476135939,10.710855877186097,10.713750879764753,10.717546203426988,10.72134924601891,10.724456104533958,10.727619134891492,10.730990785595152,10.733893545253114,10.736418414365376,10.739478877125554,10.742205856415293,10.745851834241988,10.749227056459247,10.751585093093896,10.753916221110412,10.75630586145471,10.758711064661833,10.761237739396348,10.763525342859484,10.766166514961634,10.768463937169544,10.770924118192763,10.773105876211853,10.775178329041257,10.77762206687689,10.779997414398439,10.782159487503774,10.784109655130823,10.785931903626453,10.787296414165029,10.78894787401768,10.790843687312167,10.793249487064015,10.794624565526743,10.796530128090472,10.798636360656856,10.799922455698933,10.801838321277618,10.803079634787231,10.804928571159946,10.80640931667133,10.807746188186444,10.80825211257166,10.808616219704092,10.80898019431077,10.814122319554127,10.815589523788828,10.816753715008234,10.818357275254836,10.82013821962583,10.822953238903926,10.824029236297822,10.82576035608783
Texas,10.338382004668295,10.35067025399616,10.363882667502754,10.376206242666091,10.386808363179929,10.392098241730961,10.395497262044477,10.4052623407817,10.419061883324323,10.432437926160665,10.445288450601439,10.455243964904083,10.460585888632798,10.465699966318816,10.47506014357522,10.487879573259036,10.499380164191843,10.50919599207217,10.51664410739958,10.520698167006133,10.52529983549145,10.535291102855021,10.546393516659327,10.557218000732282,10.568595276064828,10.575998258245631,10.579564868400478,10.583625478502434,10.59162219127253,10.600352812464484,10.609945747155745,10.618934240590841,10.624979206105216,10.627988040754069,10.629513261662012,10.630722100840213,10.633376414449176,10.63660036103912,10.64144078072663,10.646424397598588,10.649298338178925,10.65258964524052,10.657776868038312,10.665040765760134,10.670953397338373,10.677684625696235,10.680975881529823,10.68505761344597,10.689897363555763,10.696185907157652,10.702435151982286,10.7090254786751,10.715483866934454,10.719957949128073,10.72141544999338,10.723531666284424,10.727290118975121,10.731973865773508,10.73657057339359,10.74138421698227,10.744343278290193,10.745571845870444,10.747637606632601,10.750471077810941,10.754236593599563,10.75845591922755,10.762127984908533,10.764244432607487,10.76525873863448,10.767368577592539,10.769074290035578,10.77247701129227,10.775261974301756,10.77787236932699,10.77978927619392,10.780912708188415,10.781764842212066,10.784006018522135,10.784213281000078
Florida,10.05311372649194,10.060363087998608,10.069595035467055,10.077440859659566,10.08601742096504,10.091542641177844,10.097202293159526,10.10385365616035,10.109647698809924,10.11617664594648,10.127110988687189,10.133209419210461,10.138322492439922,10.144353136837955,10.153234085644872,10.159446732791961,10.167235474692278,10.17561172607196,10.179640924163953,10.184145010050944,10.191894362302365,10.197015007403428,10.20433261151419,10.212735402902469,10.22041284345755,10.225571051705241,10.229079383061112,10.233366673687698,10.241708259691459,10.247396354945186,10.253545653372553,10.259972478422574,10.264094755002466,10.267435980441359,10.272807214007939,10.280381703656257,10.285752267473857,10.291297725405572,10.298666606775793,10.302733360830375,10.305847845690813,10.311150244187779,10.31606067210367,10.32025521214842,10.324793200863425,10.329571947847029,10.33315734934111,10.336989269338149,10.341742483467284,10.346119984985732,10.35035048934022,10.354180933247363,10.358472717107684,10.361576735816833,10.36356710058417,10.366120333700634,10.370047760004104,10.371896160411321,10.37477161168151,10.378043305129086,10.380528859133515,10.38145935143104,10.384338387550182,10.387455722132236,10.389149202638569,10.39203689203769,10.393661388571246,10.395558399818471,10.396444477759635,10.397573852297821,10.398823833405986,10.39973746484973,10.402989302570676,10.407802024686461,10.408586811928672,10.409672424652523,10.411749893898953,10.414483161853756,10.41708931924887
Pennsylvania,9.800679332554447,9.82081221586722,9.836866865194231,9.84882015119382,9.85974462958821,9.865577979462907,9.869465303921691,9.874264693859224,9.89404309370813,9.906682443432647,9.916897239446046,9.9259826303635,9.9297886269555,9.932755050216697,9.943621310275773,9.953847911875078,9.964817807687734,9.972920327251465,9.978734161910666,9.981281579976148,9.982853107916869,9.988563724891247,9.995154741061953,10.00102252837266,10.008252891111209,10.014760554945557,10.017574878573896,10.018778596870863,10.025306875857222,10.031308923974013,10.036093517084149,10.041029641554612,10.045160710852274,10.046114950785885,10.047024967532325,10.047631185616188,10.055564655416477,10.059721774566764,10.063350457922596,10.066498860795583,10.067560274273285,10.068196582013169,10.072301625971582,10.075758773476581,10.079162066608289,10.081466359895945,10.081466359895945,10.084474886316945,10.085183913936165,10.088430670035034,10.091418348094594,10.094479743833253,10.096419288442098,10.098519653689262,10.099670922267554,10.100081768616802,10.101887489959422,10.103485294343026,10.105407467398711,10.106877275363477,10.106877275363477,10.106877275363477,10.109159357938298,10.11297832739655,10.114518035966535,10.115489263431494,10.116944338260794,10.11795356265665,10.118477957093951,10.118477957093951,10.119324475334565,10.120934911305456,10.122582921003769,10.123947506221135,10.125069885783383,10.125510476181635,10.126311052639412,10.12783038442582,10.129626612830137
New Jersey,9.905485555198801,9.911554923613886,9.911554923613886,9.919410113079943,9.924025203753676,9.92524904431764,9.926178162455827,9.928814110482136,9.936196726945832,9.940831505676549,9.946355452763305,9.949177678453244,9.949989386187548,9.950991175180095,9.957312639231036,9.96274653641105,9.966556244003112,9.970398257818754,9.97375960552146,9.975110296209095,9.976459164991951,9.979753907989577,9.984791003600163,9.989389981536831,9.993648132244084,9.99720555640988,9.998343083548807,9.99934303817965,10.003513866603253,10.010142230404668,10.013686344834204,10.016548344820142,10.018644921923576,10.01926858552184,10.019802844917477,10.021181695352771,10.027164297229726,10.03108889712985,10.033857703697983,10.0360497256191,10.037100191860048,10.037799890143722,10.042336034354935,10.046635061754612,10.04966366269373,10.051605787988585,10.053587180780166,10.05418943494962,10.055092136668023,10.057152400080279,10.062625773874425,10.06441521664241,10.065691432410983,10.06722074451873,10.067942107501658,10.068620562346831,10.070526252465566,10.076137489633352,10.07807091323496,10.079749117950207,10.081173380925554,10.081801087932543,10.082721012730849,10.084433163150152,10.087723941534854,10.089012306943829,10.090133080810137,10.091418348094594,10.093074320321495,10.093363833734193,10.095883194901557,10.097943521986084,10.09950653645368,10.100656670078102,10.101641447146731,10.101928491209966,10.102543308321248,10.105897643463425,10.10895581217033
Illinois,9.878067175189218,9.884202791124261,9.889642145714076,9.897167623791308,9.904537001671699,9.906034306802704,9.909419921189237,9.911158058840348,9.91768627193594,9.924465958921319,9.929886026390658,9.935276875025535,9.936970683352676,9.940060532766969,9.945301055349539,9.949893925350283,9.955842782870056,9.959253330441985,9.962416620065415,9.96430039193264,9.96524094881161,9.968197933904884,9.972127028252816,9.975715186533009,9.980633761712781,9.984007069594924,9.98686316145718,9.988747396486952,9.989802853988047,9.992871113670814,9.998161166138809,10.000069650382372,10.00278975360999,10.0043278674622,10.006359975456757,10.00784756786037,10.008973060382106,10.012252267327517,10.015431350758112,10.018020869126289,10.019802844917477,10.021581650918597,10.022558647177142,10.024642674092595,10.02605910492431,10.029062375444195,10.030604667595593,10.031704850336881,10.032759888240268,10.034691238151472,10.03688143570666,10.039023185328821,10.040986065721762,10.043423392833645,10.043944905231385,10.044205559475007,10.045030516645731,10.046245003891086,10.048626318202366,10.05039779785075,10.051476430249577,10.05225232580124,10.052683118897981,10.053501114853614,10.054318442238712,10.05569348542546,10.05642320880684,10.057495365015475,10.05869481683851,10.05963623502606,10.060149362549504,10.06087584278487,10.062327221849518,10.063606103428887,10.064713146035349,10.065691432410983,10.065946480233832,10.06658381534495,10.068154174091362
Ohio,9.629248055780836,9.63847979712322,9.645881947666817,9.654769750102489,9.662370949231669,9.669788487282402,9.677652883410428,9.683900170549684,9.689922976002242,9.69590972432601,9.703022391505884,9.708992194810465,9.715530144123544,9.721545923560459,9.726631035173233,9.731215331595175,9.73601519859238,9.740968623038354,9.745839095947058,9.75004495529255,9.75411709588186,9.758346166866458,9.76313293456348,9.766865674993165,9.770470313426317,9.77440339912459,9.777697546477828,9.78131991856192,9.784535083358834,9.787122261404862,9.78987082574916,9.792723575551273,9.79473239269909,9.797126536544718,9.800125039540974,9.802782848414497,9.805323303748898,9.807472124102441,9.809945808127765,9.811975152030021,9.813672248213765,9.81569405158546,9.81705782453774,9.818691900831412,9.820540631715202,9.82216903135854,9.823632327286663,9.825039406206987,9.826444508037817,9.82800941136017,9.829625703937673,9.831078137017988,9.832421104102268,9.833547804331447,9.83483390921908,9.836064876218694,9.837240906717202,9.838468916161679,9.839482222560216,9.840600999480937,9.841718526138497,9.842462850698354,9.843365929194746,9.843949839819931,9.844586444615967,9.845381631129095,9.846440897156853,9.847181716325034,9.847974842605868,9.848608891026139,9.849189749128278,9.84977027003014,9.850824899952823,9.8513517981156,9.851983709669012,9.852562611350837,9.852930828918975,9.85329891095284,9.853929593687784
Georgia,9.36417671669105,9.376193736062831,9.390659926099465,9.404178688897805,9.416703923250376,9.417110609172447,9.422301633887823,9.439306936593182,9.455558477608703,9.464207095933233,9.47738596957752,9.491526390684262,9.491828300264636,9.495820020872763,9.509184911634074,9.521055143538536,9.534450801041515,9.545883605779304,9.560785953663574,9.560926818574357,9.564020836934587,9.57851889529833,9.58795455192857,9.59947282546345,9.606361021256347,9.62185381861855,9.621986339159427,9.62450089845157,9.635738817791797,9.643550340392906,9.649498121050817,9.661989075499939,9.670987868797893,9.672311829524654,9.675896626294639,9.691222119369101,9.697324021256602,9.705280486511949,9.717820405491077,9.725735539456544,9.725854985228304,9.731274729890462,9.736724334658026,9.744784861340808,9.752664662801545,9.753826777981722,9.758172721371269,9.758230539878989,9.762902771722255,9.768869855811184,9.777130363659605,9.784197131344804,9.787852208937204,9.792891131194102,9.79294697683676,9.795289682058142,9.796959689126295,9.8001804826702,9.804661198229233,9.807251944655302,9.81011050303083,9.81011050303083,9.812632434192041,9.814000386034591,9.817929664174482,9.821246597152218,9.823632327286663,9.82720028436401,9.82720028436401,9.828602355344339,9.830325286907144,9.834191063533472,9.83905569237674,9.844268192876157,9.84834475303892,9.84834475303892,9.850244991140409,9.851562479671209,9.855137291595081
Michigan,9.567805004029164,9.570598887246268,9.582731172354919,9.585414998760278,9.593559871137028,9.593559871137028,9.594718027753862,9.595806833577658,9.6004210780406,9.611395771595648,9.612600349135398,9.627865794576714,9.627865794576714,9.630365631415676,9.636000187369866,9.636588019266876,9.642317574624458,9.642836819135377,9.650271316965625,9.650271316965625,9.650979555092,9.655667013509477,9.657906656102982,9.663070672551461,9.664659134301736,9.671240186972447,9.671240186972447,9.671807670199632,9.67570827281739,9.676586952344206,9.68159322062235,9.682092471756036,9.68781601606062,9.68781601606062,9.688498165477787,9.689675328650802,9.690356211348643,9.695971257107617,9.69738546707677,9.701554950093058,9.701554950093058,9.701616136497458,9.703877405604631,9.704426671737876,9.707290170206525,9.707411839509511,9.711660965727868,9.711660965727868,9.71232704707497,9.713839220355712,9.71420180194054,9.71655538318449,9.71727844901498,9.720705889909716,9.720705889909716,9.720945971538624,9.722744748855389,9.723223876851618,9.724540296381123,9.72495879398087,9.727346854817254,9.727346854817254,9.727942980021197,9.729491244488164,9.729729226402661,9.73174978928182,9.732580600557428,9.735483016336966,9.735483016336966,9.735837835974042,9.737019659665341,9.738023112808596,9.741203889478681,9.742379392141371,9.743788173778453,9.743788173778453,9.744315955640873,9.747359919824648,9.748002649695733
Massachusetts,9.49356251370587,9.500020447090638,9.50554408582681,9.511185430954244,9.516647908551128,9.521714556684751,9.52558897214577,9.528794103094718,9.534595424658804,9.540147589478611,9.545955098183267,9.551444720923957,9.5563385212508,9.559517275737559,9.562475024372697,9.56836440548421,9.571435532348406,9.578103612900335,9.584108393341092,9.587268821942159,9.58932460283475,9.592400371638025,9.596214830319344,9.601368432286577,9.60642831827175,9.61059191303146,9.615805480084347,9.619465440915834,9.624104282899042,9.629576884168266,9.633645398212678,9.639456900415627,9.643744848773588,9.647627092407303,9.649755919453895,9.652972804425787,9.656563472556515,9.66058762285624,9.663134259490725,9.666498594399865,9.669472621333282,9.671177113397102,9.673067592251142,9.67696329306244,9.679030639139388,9.68190528178887,9.684584995479172,9.68775397939693,9.689365683192376,9.691716587516886,9.696032786103176,9.69873632077599,9.700330435154035,9.703511060503452,9.706133572908211,9.707229330003301,9.708506197595383,9.711721536914174,9.714262219425379,9.716012740501373,9.718061180788695,9.71992522630604,9.721605898970559,9.722505098743403,9.725138096494574,9.726750374036074,9.729372232289272,9.731096524419081,9.73317361486645,9.73477299914839,9.73601519859238,9.739261284011265,9.741615472609583,9.744022777885101,9.746073219448274,9.747768977536708,9.748644966730458,9.749695141856147,9.751850377873168
Arizona,9.257510176452573,9.27556615689389,9.292473201514705,9.309370895439137,9.328034514792826,9.329633378164166,9.329633378164166,9.329633378164166,9.352620879232953,9.373564053078196,9.392828581549459,9.406811351874557,9.412382853382338,9.412464556066316,9.429395577381786,9.444938073335509,9.458761730474661,9.474472303967703,9.48029117039765,9.481969279105716,9.482274087459825,9.500244972781061,9.51613246360028,9.529012261114708,9.543163100092235,9.547669384317377,9.550306497851652,9.550804629866933,9.567105311865157,9.579348943073732,9.59308259297708,9.604744532724922,9.612399686949514,9.61440449916872,9.61440449916872,9.614604759507829,9.620063070336988,9.634103708365723,9.643550340392906,9.647368744540465,9.648982324778904,9.648982324778904,9.658290091690503,9.661033752687418,9.66871413573975,9.673948594133059,9.678341998551245,9.679155795585109,9.679155795585109,9.684149252062896,9.685953239986429,9.691901950055648,9.697078200213083,9.700391696525696,9.70069794710231,9.70069794710231,9.70069794710231,9.705341445395202,9.70880997353259,9.71232704707497,9.713960095491844,9.714383043445341,9.714383043445341,9.715650815054063,9.716374535006043,9.71992522630604,9.722684841711443,9.725197856855544,9.725914702764378,9.725914702764378,9.729074639810214,9.731690419198387,9.733588515740731,9.735009727562824,9.735837835974042,9.736192529758796,9.736192529758796,9.737551024991497,9.739084496244518
Indiana,9.237177025929743,9.24329147211587,9.249657234353133,9.255887186932153,9.26245832623829,9.268892258925797,9.275285060616564,9.27995971385624,9.28609698437543,9.29081375612606,9.296884973376368,9.301186055275759,9.305377787310935,9.309099143999447,9.313618721429684,9.318117964149614,9.321971188147367,9.325542301664866,9.329278296047697,9.33229248272693,9.335385860950407,9.33890947277089,9.34215779659637,9.358587948436385,9.366232391933156,9.371863806132854,9.37737907190562,9.382274835883651,9.387900611668426,9.392828581549459,9.394992544108419,9.402447229504935,9.405084448768694,9.40705780905387,9.408535277926427,9.411810747608898,9.41336284529417,9.415890054889344,9.419466131522189,9.420358156071465,9.423271958213975,9.426096704856375,9.429556219952412,9.430920640887228,9.433083843269053,9.436040652072082,9.438033557988964,9.439386468943006,9.441134582220915,9.443355043085656,9.444146871458646,9.446518601560848,9.449199779730396,9.451480999992047,9.45234493093131,9.452894316810216,9.45430563898269,9.455323689894849,9.45743479744618,9.45915167003897,9.46086560003161,9.46164368908425,9.462265724715845,9.463198053273784,9.464517365870565,9.465602553171852,9.466763948525191,9.467073426283948,9.468619380058648,9.468696615046134,9.469622969906265,9.470856776355195,9.471396088360253,9.47293537905132,9.473627287593242,9.474549088242322,9.474932921202932,9.475700145423472,9.475776835480644
North Carolina,8.94102198354136,8.954931860074698,8.965206802770357,8.978912601074276,8.989319566042951,8.997642078523512,8.997642078523512,9.004545458996587,9.012011377036412,9.028818495352793,9.043695294567236,9.058004710672485,9.070618428801046,9.073489189226986,9.079889942592118,9.095602694505759,9.110188490025742,9.12238309321704,9.136478523377727,9.141633173966392,9.142382678792956,9.149528232579426,9.167328481382892,9.182866394975427,9.194414221425923,9.203013596589722,9.208739090609209,9.209540051805414,9.215029361462314,9.228376734462282,9.23941361946189,9.247347097605278,9.254739959272866,9.258368340986765,9.259320994197804,9.265112607823163,9.275285060616564,9.284241179815718,9.289243969571649,9.296242800976886,9.298992069570746,9.299723933110869,9.302554855963994,9.312445594913337,9.318117964149614,9.32250766884693,9.324829098460881,9.324829098460881,9.328567753340833,9.331584079261546,9.338205742974079,9.341368634382587,9.345482965918476,9.35036314989601,9.35036314989601,9.353227859524731,9.354700422483019,9.358415490041546,9.360741172643708,9.36426245424844,9.366660126231137,9.366660126231137,9.368198456591763,9.369308003071827,9.3722891389622,9.374497958142467,9.376363155800634,9.377632889750377,9.377632889750377,9.378985497953893,9.380504998499505,9.383873422737057,9.391661428436555,9.395075679994072,9.395075679994072,9.395075679994072,9.399803036921504,9.399968503952575,9.402034535016803
Tennessee,8.988695696785708,9.00565049932022,9.015905747298426,9.025455532779063,9.030735122676456,9.035034150076132,9.039670667922676,9.044521887281242,9.054504940418054,9.069352678675205,9.080003870248179,9.084777149000837,9.089302043599126,9.101752431559284,9.122928914965213,9.139595967450425,9.1503780308035,9.155039056191093,9.166910814048848,9.174816815907135,9.185432736269998,9.200391041122515,9.213734605044198,9.230437073675304,9.250137841850249,9.25569607369698,9.256269303864583,9.265491216441031,9.271623600393081,9.280985211545515,9.288504392945537,9.29596745794362,9.296793259706382,9.299632479454944,9.299998243906717,9.301551252029567,9.304377013902565,9.310909426897878,9.31154225248515,9.316140790862395,9.317758768743452,9.3195534569495,9.323579767582693,9.329633378164166,9.334503014596605,9.339436945310593,9.34084218004034,9.342420712333391,9.343296599224809,9.344608992781216,9.346617990268731,9.3502762122737,9.353141170607854,9.353921100453707,9.354267540782825,9.355046592975441,9.35781165133439,9.359363643368622,9.36082720525012,9.36220272128543,9.36220272128543,9.36220272128543,9.36220272128543,9.36314729221994,9.36383369293329,9.365804474600255,9.368198456591763,9.368198456591763,9.368198456591763,9.368539986649727,9.37143829231851,9.37526141408997,9.375600540841843,9.377294451639015,9.377294451639015,9.377294451639015,9.38151671766514,9.383873422737057,9.384713758920963
Alabama,8.625868208041894,8.658866349732383,8.690474003558043,8.704668113450987,8.719317375506371,8.71948076085107,8.719644119505357,8.720460512725655,8.745761999375512,8.760923376338836,8.777555453213056,8.80357441813497,8.804024902413179,8.804325112562537,8.83884181343129,8.878079256126435,8.901230352110781,8.931551966694522,8.931551966694522,8.94754601503218,8.94754601503218,8.973984926689743,9.012377119192271,9.031931152002144,9.041921720351219,9.049467146388098,9.049702026013371,9.050640993218508,9.057189192482008,9.092569836241674,9.107421317968342,9.1248914101437,9.131621787264777,9.131621787264777,9.131838143821225,9.133243321591216,9.142810715182584,9.151121012316212,9.166806369952454,9.16858043772795,9.168788944817948,9.168788944817948,9.17585244151751,9.184509611941662,9.19339765124587,9.197255132427527,9.203416456903359,9.203416456903359,9.203517146628057,9.209540051805414,9.21333588095598,9.219795530746937,9.222565341598752,9.225228984469933,9.225228984469933,9.225228984469933,9.228867676590067,9.232395362757014,9.237469039364436,9.239899174217728,9.242613932526478,9.242613932526478,9.242807562113684,9.243581705755984,9.246093541682,9.248791558350435,9.252057965328051,9.253112463820052,9.253112463820052,9.253112463820052,9.254452946594503,9.257987025443535,9.2596066132791,9.261413642160184,9.261698664251325,9.261698664251325,9.261698664251325,9.261793653565098,9.264354960282422
Virginia,8.608495349823023,8.622093601241607,8.635331719433278,8.640648995343156,8.649448770536708,8.653470809708786,8.655214489313613,8.66544076787644,8.676246121270838,8.689632748355741,8.700014623251842,8.712759974960212,8.712759974960212,8.71308886823731,8.728264161496178,8.736971085254146,8.74973246437081,8.760923376338836,8.771835409789817,8.774158291205957,8.775703886567738,8.782322859397507,8.791181936736017,8.802522498284421,8.814776088545281,8.820847033377717,8.821584877430965,8.82776136765472,8.839131752546109,8.84404789894249,8.84779106484485,8.848939995030118,8.853236764745898,8.85552084853691,8.85609105525229,8.85907931788153,8.864464055279676,8.866581653303996,8.867709208039386,8.881558488638976,8.900003608959596,8.920923462230686,8.943636705909594,8.962904128092928,8.982686665184087,9.011645501064283,9.033961124637857,9.054037377580782,9.080687163749312,9.09873819539488,9.140668698726863,9.143986871426161,9.151545325465678,9.161150127785412,9.169205828617628,9.178230318057949,9.189218875354072,9.195226734166134,9.200593020521303,9.20653313363323,9.208939391060555,9.212338374638856,9.21642184229205,9.22078562983772,9.225721474014485,9.228474942171665,9.228474942171665,9.228474942171665,9.228474942171665,9.228474942171665,9.228474942171665,9.228474942171665,9.228474942171665,9.228474942171665,9.228474942171665,9.230044955250518,9.232101863757695,9.234349824436535,9.235325624670091
Louisiana,8.983690681332686,8.990067695753655,8.997270906233448,8.997270906233448,8.997270906233448,9.012377119192271,9.018453210312527,9.027018314848645,9.034080406560824,9.0410929746695,9.045937315684574,9.045937315684574,9.055556158175316,9.058470422638056,9.06207235530708,9.069813136839207,9.076123029856374,9.082734247371036,9.082734247371036,9.089302043599126,9.095266164130717,9.09985563880091,9.105757331783742,9.109967397829395,9.113499020526627,9.113499020526627,9.118225083068378,9.120743838164426,9.122928914965213,9.128370809108931,9.131297164635729,9.135293497653272,9.135293497653272,9.13701670755734,9.140561477368266,9.140561477368266,9.147613542067878,9.149209371971951,9.152817185732516,9.152817185732516,9.15556734612889,9.156728602527533,9.159468041602427,9.162095059348188,9.165552189186048,9.168267595554275,9.168267595554275,9.170455438277267,9.172534657240284,9.174505918966966,9.176680170483548,9.178540059426386,9.181632207839439,9.181632207839439,9.184919994629272,9.18594521514146,9.187071745036828,9.191463316206494,9.19309247856663,9.196444266784072,9.196444266784072,9.198773735604718,9.200693994924377,9.202912856147385,9.205930663487482,9.207837241758064,9.20923976653215,9.20923976653215,9.20923976653215,9.213435576883485,9.214133170214879,9.21602418844448,9.217713126305595,9.219101877644755,9.219101877644755,9.219101877644755,9.222565341598752,9.223552703448318,9.224440496354964
South Carolina,8.676075516476429,8.684739462628038,8.688622307043769,8.705828110266784,8.717518372649767,8.738414897167749,8.740176729929082,8.741935464094144,8.752897524775305,8.759982494977281,8.764834214330834,8.776475789346321,8.786914938491025,8.787678239039497,8.791638037085997,8.80597465931132,8.839856232763264,8.845489236753274,8.855805992536562,8.85978949474541,8.8934354408475,8.898228985601227,8.9085593751449,8.921057018157429,8.929832503272403,8.93748122841604,8.942722330560143,8.947806093057054,8.94819608331224,8.954544488386723,8.966738978759576,8.973984926689743,8.976135873302548,8.987071812848821,8.991562278171614,8.994172434398399,9.001839097398843,9.006509131694346,9.013595294516504,9.01881660441743,9.027018314848645,9.027978814382207,9.03097444300786,9.035867930125628,9.041211408968211,9.045229851912582,9.047703788498627,9.053335623166017,9.055205875026193,9.056839480990421,9.061956366209925,9.066585468331045,9.071078304642676,9.073374516903025,9.077380244719953,9.078065332666364,9.078407700715356,9.080459451121662,9.085117227222105,9.086363192156472,9.090542808520587,9.091106284052485,9.091444217032327,9.091782035852047,9.097619501912064,9.098179005087852,9.101306450952048,9.102532419341877,9.105868350379472,9.108086137937427,9.108418382250798,9.111182800442965,9.114269903225448,9.115260165725912,9.116578992161708,9.118553976345474,9.118553976345474,9.118992332516877,9.121181235656364
Missouri,8.761550139129644,8.765926513729443,8.77307495131822,8.778479952508487,8.783242963740905,8.783702698635217,8.784315349902657,8.786303878282583,8.816260208734581,8.821584877430965,8.828201089171515,8.830835365537549,8.831857935197906,8.832879460277615,8.851520271691061,8.856376036730422,8.859647499714997,8.861633597686627,8.863757191604241,8.863898604317479,8.864322722511439,8.901230352110781,8.91139510724569,8.914894908906568,8.916774356365426,8.91905180393029,8.919319398258887,8.919453168575453,8.920789888464375,8.922258219503062,8.951828676824181,8.955835144218959,8.95944014361693,8.959697146959389,8.959825623865841,8.960339366492091,8.96469555531546,8.986946789406764,8.993303139093733,8.994668835500674,8.994668835500674,8.995040974685022,9.012742727629712,9.014811987694946,9.018695487721343,9.020510699691906,9.021960500598263,9.021960500598263,9.022081222515475,9.023890304598448,9.045819439807735,9.046526486737967,9.048409504829962,9.049349685884057,9.049584593096789,9.04981944514108,9.062536177207788,9.063926353520646,9.065083359319043,9.066008001086264,9.066585468331045,9.066585468331045,9.066700921774572,9.070503426788383,9.071423072789514,9.07211225269274,9.072227069846548,9.072686206677387,9.073259831427816,9.073374516903025,9.07954808172616,9.080914824535725,9.081256218564645,9.081711229379001,9.082166033252674,9.082166033252674,9.082279701908664,9.08805973726735,9.088624613292087
Maryland,8.75904072752422,8.764834214330834,8.771835409789817,8.7787879291047,8.785998208098329,8.789964651132264,8.794370279222871,8.802522498284421,8.808369153122275,8.815221555922163,8.823647949191303,8.830250570199247,8.834336974017637,8.839421607620602,8.848509300888079,8.853236764745898,8.85907931788153,8.864605368075784,8.868976189274543,8.871785969150645,8.875566691990551,8.880307358983872,8.884748726451182,8.889032571874742,8.893984438939794,8.899730794880696,8.902455592206882,8.90557995798965,8.911125383710678,8.915566545710645,8.918382504661613,8.92319149068606,8.92757950384347,8.92996487470684,8.933400396056303,8.937612591306213,8.939974177289633,8.944028325260595,8.946114375560743,8.948715833843691,8.951051374025619,8.953252164609035,8.95712413640568,8.960596138864794,8.96264794774056,8.966866554188723,8.969160133175821,8.970813341411448,8.972083182851925,8.97537724385663,8.977146484808472,8.977525200965243,8.97853441008332,8.979920411691197,8.981681639973862,8.982686665184087,8.985820874482043,8.987571750367046,8.989070065043654,8.991064332188461,8.99205997632796,8.993303139093733,8.994172434398399,8.997270906233448,8.99961934066053,9.001346243766392,9.003685138166775,9.0068768914288,9.008346579384707,9.010058489805235,9.011401509358791,9.01371703047137,9.014082149443356,9.015905747298426,9.017604776833355,9.018210874191142,9.019300924562506,9.020873347021357,9.022443300849043
Connecticut,8.771835409789817,8.78523362361273,8.787830829258759,8.794067065151415,8.794067065151415,8.794067065151415,8.805525052709516,8.80732226751107,8.813884558025606,8.820994645747902,8.827614750837508,8.827614750837508,8.827614750837508,8.841014310483892,8.844336332748933,8.850374303939237,8.85666093701725,8.860357273327022,8.860357273327022,8.860357273327022,8.87066300440602,8.872627365918836,8.875985891325971,8.879889967673464,8.88391747120797,8.88391747120797,8.88391747120797,8.893298144217916,8.895492631451633,8.899321434159964,8.903135633035538,8.906799883589944,8.906799883589944,8.906799883589944,8.915700818956903,8.915969311373605,8.919586920999915,8.922258219503062,8.925853190420922,8.925853190420922,8.925853190420922,8.93102321585603,8.932344569113823,8.935377071932177,8.937875265329263,8.938925271988273,8.938925271988273,8.938925271988273,8.942722330560143,8.943636705909594,8.946244609330543,8.94819608331224,8.949624747754216,8.949624747754216,8.949624747754216,8.952346543226227,8.954156966583772,8.955835144218959,8.956995311928852,8.957510510291613,8.957510510291613,8.957510510291613,8.960467760919949,8.961879012677683,8.962904128092928,8.96482339168508,8.96610085736724,8.96610085736724,8.96610085736724,8.967249182852276,8.967759126769497,8.968650903374874,8.969923491991516,8.970304952991755,8.970304952991755,8.970304952991755,8.97259066827261,8.972844314437573,8.97335141383992
Wisconsin,8.636574948436317,8.644706511715198,8.653296274408579,8.660600654710967,8.683724062303869,8.683893367307235,8.687273461787838,8.695171998776056,8.70549681988774,8.714567550836485,8.721928343047091,8.729882284826589,8.730851903519232,8.732304571033183,8.742733867330168,8.74878098951311,8.75384509275524,8.762646029650282,8.768885326134862,8.769507120030227,8.769817872052617,8.776630098427717,8.77909581088053,8.786609455061125,8.791181936736017,8.796641458940915,8.796943893541737,8.797095076549056,8.804475183846678,8.810757927026174,8.813438494528507,8.815073088844464,8.816556768641856,8.816705015621595,8.817297783866575,8.823058934301647,8.82453082152646,8.827174771362785,8.832441791585824,8.835210463664092,8.835210463664092,8.835210463664092,8.840869624091395,8.844624683385302,8.852950887099581,8.85366542803745,8.855805992536562,8.855805992536562,8.855805992536562,8.860924729719041,8.863615758890619,8.865452825753623,8.867145589594143,8.868413284672005,8.868835492826895,8.868835492826895,8.872767529910936,8.875007486048396,8.87640491500694,8.876963340262272,8.878915376576483,8.878915376576483,8.878915376576483,8.879472402074802,8.882114044208821,8.883085524404578,8.885025658050846,8.88751459738882,8.88751459738882,8.88751459738882,8.88751459738882,8.890685920281129,8.891236429516061,8.891786635857315,8.892199092039693,8.892199092039693,8.892611378172106,8.894670262984233,8.897819009510757
Mississippi,8.572627898304338,8.578476419833136,8.58615939588096,8.59637398929068,8.60922527686273,8.6164953924901,8.617038526385954,8.62604759632832,8.637462023807181,8.642768014324304,8.65067458279072,8.657476736863293,8.660947155060933,8.661812881026181,8.67470962929122,8.685753832960154,8.690474003558043,8.696844519654313,8.70267641154777,8.707152175339404,8.708969906980947,8.721439305625983,8.725669705687043,8.729558869558568,8.736007384569218,8.743053050224676,8.743531633626967,8.74369111054302,8.755107121633896,8.75904072752422,8.762646029650282,8.768729817231666,8.773694146384443,8.773848885262895,8.774158291205957,8.779865100863852,8.783396232190894,8.784468454090355,8.784927626058323,8.787830829258759,8.787830829258759,8.787830829258759,8.791486026749002,8.795733605950735,8.796943893541737,8.80071662871916,8.80537513890967,8.807172622916703,8.807172622916703,8.81358720447004,8.81640849968169,8.819517540604888,8.822322177471738,8.82555985506085,8.826000545482966,8.826000545482966,8.82981174915805,8.831419819090131,8.834191318202071,8.83695515733143,8.83884181343129,8.839566503657949,8.839856232763264,8.84361509218395,8.844624683385302,8.844912950899548,8.845921233304018,8.847359875474174,8.847503625923641,8.847503625923641,8.85051762174672,8.851090687664982,8.851949671253948,8.85352256068954,8.853808274977197,8.85395110151461,8.85395110151461,8.855663430700124,8.858368636308018
Minnesota,8.664405571096625,8.672999642554437,8.680331928793418,8.685922794690725,8.6921543938039,8.698847859222488,8.700847193443972,8.701845363548474,8.70748291785937,8.712759974960212,8.716207971151853,8.721276239991704,8.726481196440007,8.726967774991493,8.728264161496178,8.731174900938061,8.733755131364893,8.738254576526122,8.741296282225147,8.743372131273969,8.74369111054302,8.744966011114109,8.74878098951311,8.751474487140904,8.754949455098293,8.757469141470748,8.75904072752422,8.759511722116487,8.760453046315272,8.762176509334903,8.765926513729443,8.768885326134862,8.769973211858753,8.771059915373288,8.77137018531062,8.771680359010377,8.773229786032473,8.77539495854551,8.776630098427717,8.778325928634482,8.77971129020447,8.779865100863852,8.780018887869153,8.781401907682376,8.782476268924539,8.784315349902657,8.786303878282583,8.787525625532906,8.7879833961978,8.788593431293735,8.791181936736017,8.793308627496552,8.79527937019457,8.797095076549056,8.797699580118923,8.798605650854423,8.819517540604888,8.820847033377717,8.823647949191303,8.82555985506085,8.826147399143558,8.826881344130634,8.827028068509152,8.827321452697849,8.82834762005316,8.82922635473185,8.830543010616596,8.831419819090131,8.832149906002899,8.832149906002899,8.833171133022866,8.834482608620677,8.838261682885651,8.83927669058535,8.839856232763264,8.840580188488795,8.84130362048157,8.841448244098858,8.843182098022606
Colorado,8.564649132572534,8.572817095164234,8.57866451350434,8.583729715216482,8.587465244401569,8.59044365315583,8.591743922680534,8.592115117933497,8.59840444684106,8.601718146485926,8.605753368395717,8.609407675404048,8.613593685702552,8.614864218589684,8.615770754777232,8.622093601241607,8.62515033292133,8.629628620746026,8.634264863002075,8.637816633739977,8.637993891561942,8.639587799629844,8.642062173462106,8.645234541297121,8.649273531773446,8.652248422409102,8.653819788948063,8.654168646443315,8.656433258507741,8.660600654710967,8.662504922576291,8.66406026722579,8.668196064952765,8.669914278433902,8.670257567143075,8.67060073804555,8.672314828283538,8.676757761087575,8.679141958402255,8.680671660408713,8.681520484837913,8.68169016329764,8.68406264365127,8.685753832960154,8.68710472813351,8.689632748355741,8.690474003558043,8.691482576512929,8.69165057315339,8.692825760059396,8.694669696546992,8.695339376799712,8.697345730925353,8.697345730925353,8.698013622083925,8.698013622083925,8.699181359308954,8.700181192753353,8.70317470904168,8.703672758358856,8.705662478796427,8.705993714307901,8.706324840138741,8.707648248106914,8.707813551024888,8.709630081951286,8.710454688248527,8.710949125835855,8.711772645605693,8.711772645605693,8.711937268208748,8.712430973476739,8.713253274320705,8.713910628493924,8.714403360703942,8.714895850248494,8.714895850248494,8.716044050161402,8.717354666338522
Iowa,8.348301054933943,8.350666240520924,8.355144739461839,8.356554845453426,8.371473537066832,8.371936178759098,8.37216741936598,8.374015421739909,8.388222810119277,8.399760094524142,8.4071550862073,8.408939605975984,8.409162447202533,8.409385238781931,8.41027590907016,8.412054873292933,8.41913925094085,8.429017500512511,8.445052513638554,8.497398564088058,8.498418036089904,8.501063809486354,8.512381634419015,8.523970175695261,8.53070154144103,8.538758969330798,8.538758969330798,8.53915035876828,8.545974992841689,8.55159461813357,8.555836815008442,8.561018670956267,8.563504094279487,8.563504094279487,8.563695025067657,8.568646473005153,8.576781982827894,8.579604451537634,8.582418976333944,8.582418976333944,8.582418976333944,8.589513852995864,8.594339400592892,8.59711281459211,8.60135049942296,8.605936401250625,8.607216694063826,8.607399459302387,8.607582191143917,8.612321536507814,8.61286694148452,8.619208116822968,8.62155320674048,8.622093601241607,8.62317351495347,8.623353387244627,8.62604759632832,8.630878955820053,8.634442751466477,8.636042325254618,8.636574948436317,8.637993891561942,8.63817111796914,8.640825751861513,8.64241515616962,8.643473357326567,8.643473357326567,8.643825842349603,8.644002038279933,8.644002038279933,8.64541048921699,8.646465527120377,8.64979915596426,8.651199471263972,8.651549243915316,8.65277248565806,8.653470809708786,8.653470809708786,8.65591111072806
Arkansas,8.324093761450404,8.339739766019143,8.34972083747249,8.357962965845681,8.364973978438726,8.369157112588834,8.37655086161377,8.386400901166214,8.398860004454372,8.411165786770708,8.422882511944996,8.425954710981966,8.435332164935916,8.444837529224097,8.453401058328458,8.464425125877582,8.473241303887054,8.48301573961465,8.48446336679332,8.4906438561827,8.496173824192162,8.505120610181969,8.514389264083503,8.51919119407891,8.527341522468053,8.529516941105069,8.532475814947395,8.538367426647644,8.546557800046141,8.55159461813357,8.556413904569519,8.558910784768106,8.566554620953962,8.569026340056254,8.570923513837204,8.573195381531523,8.57810012631976,8.579980179515003,8.582418976333944,8.58466490653125,8.586346050104554,8.587465244401569,8.59007183682881,8.591929537530255,8.59378379357795,8.5956346177228,8.59748202264504,8.59748202264504,8.59748202264504,8.59748202264504,8.59748202264504,8.59748202264504,8.59748202264504,8.59748202264504,8.59748202264504,8.59748202264504,8.59748202264504,8.59748202264504,8.59748202264504,8.601166625192416,8.604471199523298,8.607947554684701,8.60922527686273,8.611411866655219,8.613956859848546,8.615408238913192,8.61794309451638,8.618666160346871,8.61974977974133,8.620651899784468,8.621192781434722,8.623533227187563,8.625509334899697,8.627660644442209,8.628913441026645,8.629807335785372,8.630878955820053,8.633552992532433,8.635331719433278
Washington,8.240121298076472,8.252967195000798,8.262816937670928,8.269756947532983,8.269756947532983,8.269756947532983,8.269756947532983,8.279189777195004,8.279189777195004,8.310414994188292,8.32239411311117,8.32239411311117,8.32239411311117,8.330622620332868,8.335191583433202,8.345692873253865,8.353261499733874,8.363109176033522,8.363109176033522,8.363109176033522,8.3707791729607,8.3707791729607,8.386856689688234,8.393216011596527,8.400659375160286,8.400659375160286,8.400659375160286,8.401108712395436,8.424858580213442,8.434680769841773,8.441175704992322,8.450198322591959,8.450198322591959,8.450198322591959,8.450198322591959,8.457443187010464,8.468002947225466,8.477204183199873,8.481151420068972,8.481151420068972,8.481151420068972,8.488382109562117,8.493310250952906,8.499640032168648,8.505727713306959,8.508555998020574,8.508555998020574,8.508555998020574,8.511175119090675,8.514990767861038,8.519789817263504,8.52377150677636,8.525558107747866,8.525558107747866,8.525558107747866,8.529911963824013,8.532672762264625,8.537191877922927,8.53856321715243,8.541690663016626,8.541690663016626,8.541690663016626,8.544029845369797,8.546751993657782,8.548110294050959,8.550434525196039,8.55159461813357,8.55159461813357,8.55159461813357,8.55333223803211,8.553910774351401,8.556606193773073,8.559102594493448,8.560061091643414,8.560061091643414,8.560061091643414,8.561592778712923,8.563695025067657,8.565602330623925
Nevada,8.173857454773621,8.187855443695623,8.204945165019208,8.215817791832453,8.232706009860976,8.237479288613633,8.23880116587155,8.2409125416889,8.259458195332408,8.271548374755515,8.28374674710613,8.297045149081827,8.300776960851454,8.301521654940728,8.316055720364643,8.327242607457793,8.338544879988579,8.347353412124338,8.35819745992578,8.359603270841466,8.361474616416817,8.37216741936598,8.383433201236713,8.39502555744203,8.403800504061147,8.411165786770708,8.416488487294606,8.416930769477844,8.425077902508432,8.430109084509125,8.442038517815478,8.447628728030327,8.454253391642363,8.457443187010464,8.459775920546287,8.46252579007393,8.471149252914831,8.477620416296414,8.48301573961465,8.4906438561827,8.491465042843506,8.49351506406166,8.497806477616047,8.501063809486354,8.503905297089302,8.505727713306959,8.508757712595136,8.508757712595136,8.508757712595136,8.510772623613315,8.514790306799927,8.518392471991719,8.521384396034705,8.52456594574565,8.524764456912555,8.525359754082631,8.528133131454572,8.53070154144103,8.533263371593732,8.53660358493606,8.540519016719735,8.540714386457584,8.541300266759471,8.544029845369797,8.546363568716018,8.54830418644129,8.54907938027856,8.551014739891748,8.551208070003515,8.55159461813357,8.55429627936774,8.557182839632397,8.559486103606488,8.561592778712923,8.563504094279487,8.563504094279487,8.563695025067657,8.564076777315087,8.565983355585669
Kentucky,7.987864096085687,8.003697339094368,8.02059914989697,8.026823576217629,8.037220031133012,8.048149101665201,8.060855752934316,8.069342366811636,8.084562415235304,8.102283624480073,8.11312710422178,8.127699852817772,8.137980454452139,8.149312843635345,8.159374736775426,8.172729104865471,8.192016914536875,8.207674424355282,8.220133957151859,8.228443883004033,8.237743803890933,8.246171559857563,8.259458195332408,8.274357006756292,8.287025025165063,8.299285906897275,8.306965865368573,8.316789127071518,8.325306029752582,8.337109129562474,8.345692873253865,8.355614995760183,8.360071435644025,8.36240897761537,8.36450810375059,8.3707791729607,8.374938143835367,8.383433201236713,8.389814262086407,8.395477432732141,8.400209835930418,8.403128235128264,8.406708458240965,8.41803561988302,8.427487278331744,8.434028950155469,8.439447842791385,8.442038517815478,8.445267451844648,8.449342524508063,8.45638105201948,8.462314529906248,8.46695197497949,8.47782846789396,8.480529207044645,8.482601746646619,8.486940148245216,8.493924564476883,8.501470230951002,8.507344855361422,8.51057131510735,8.513787398281405,8.518392471991719,8.523175263093785,8.528528701079983,8.61341204915678,8.647519453091812,8.651898894268529,8.655040258108363,8.66561319653451,8.668196064952765,8.676587243566487,8.694669696546992,8.701013624333928,8.703506769479729,8.704833909687792,8.706655856361559,8.710454688248527,8.714567550836485
Kansas,8.0861025356691,8.116118431609365,8.116417072794205,8.157657015196472,8.157657015196472,8.157657015196472,8.163940954755008,8.163940954755008,8.179199798423086,8.179199798423086,8.185350223178686,8.185350223178686,8.185350223178686,8.192570471152173,8.192570471152173,8.218247926685745,8.218247926685745,8.234299635696253,8.234299635696253,8.234299635696253,8.242229891372231,8.242229891372231,8.261784679514752,8.261784679514752,8.312871394342615,8.312871394342615,8.312871394342615,8.335191583433202,8.335191583433202,8.359603270841466,8.359603270841466,8.373322820996535,8.373322820996535,8.373322820996535,8.382747094863314,8.382747094863314,8.40804774415544,8.40804774415544,8.428143374582726,8.428143374582726,8.428143374582726,8.434463543817241,8.434463543817241,8.451480648050856,8.451480648050856,8.453827315794417,8.453827315794417,8.453827315794417,8.45553053102413,8.45553053102413,8.470730317005897,8.470730317005897,8.472195825485501,8.472195825485501,8.472195825485501,8.472195825485501,8.472195825485501,8.478036476215044,8.478036476215044,8.478036476215044,8.478036476215044,8.478036476215044,8.478036476215044,8.478036476215044,8.478036476215044,8.478036476215044,8.478036476215044,8.478036476215044,8.478036476215044,8.478036476215044,8.478036476215044,8.484049972822984,8.484256691169973,8.486527777105353,8.486527777105353,8.486527777105353,8.48879371689454,8.48879371689454,8.491054533806542
Oklahoma,7.9391588179567965,7.954723334497908,7.9665866976384025,7.98139158158007,7.990576881743923,8.002359546252707,8.00469951054955,8.018954683155718,8.034631032923107,8.052296499538647,8.067149039910106,8.080856419640986,8.09559870137819,8.099857910737585,8.10892415597534,8.128290171607052,8.138564737261632,8.15248607578024,8.16194579946869,8.17413934342947,8.178919332848396,8.189522110748094,8.203851372183879,8.211211361793023,8.219056661060598,8.232706009860976,8.246433786160365,8.247482004285693,8.261268150577648,8.268988209506656,8.28121766128665,8.283999304248526,8.292798858200374,8.300280189852664,8.304494897963567,8.30943074214033,8.316300249036848,8.321907968230423,8.326758814511733,8.332308352219117,8.338544879988579,8.343791731996841,8.349484346990128,8.35819745992578,8.3670677328386,8.371242135931933,8.384804003370492,8.395929103923198,8.4071550862073,8.419580362549237,8.419580362549237,8.419580362549237,8.419580362549237,8.419580362549237,8.419580362549237,8.419580362549237,8.455743229100015,8.455743229100015,8.455743229100015,8.455743229100015,8.455743229100015,8.455743229100015,8.455743229100015,8.47407690034261,8.47407690034261,8.47407690034261,8.47407690034261,8.47407690034261,8.47407690034261,8.47407690034261,8.47407690034261,8.486940148245216,8.486940148245216,8.486940148245216,8.486940148245216,8.486940148245216,8.486940148245216,8.486940148245216,8.507950610049305
New Mexico,7.9355873855892,7.940227765145702,7.950502434808851,7.963807953231451,7.976251943745623,7.983781068977451,7.99260665240021,7.998335395952982,8.009695357742922,8.021256180143997,8.032035314398824,8.044305406990638,8.053887083618223,8.057694194815587,8.06211758275474,8.070593539949519,8.079308192051961,8.0861025356691,8.09132127353041,8.096817470572319,8.100464891029363,8.105005537547246,8.113426639943654,8.118505067587098,8.12533508671429,8.127699852817772,8.131530710604252,8.135346948906706,8.14060704285845,8.149601735736155,8.15478757276852,8.161375023197486,8.165363632473982,8.169053149927343,8.171599480345463,8.174984532943087,8.178358165605836,8.183397369998433,8.1886891244442,8.191740021277457,8.195609567288775,8.19863945529737,8.201111644442758,8.204945165019208,8.20849175174038,8.212297138229768,8.216358332386156,8.220672170297252,8.224163512637862,8.227108234348146,8.230577217146454,8.234830280442056,8.239593454305968,8.241966560231802,8.245121966478605,8.245909264774093,8.25088114470065,8.253227645581772,8.254788926148725,8.25582842728183,8.25608813381491,8.256607344626158,8.256866848974312,8.258681496264236,8.261784679514752,8.263074835802596,8.264363329731667,8.266164436612492,8.266164436612492,8.266935347610456,8.269756947532983,8.271292652979412,8.27308133366583,8.274866820685254,8.275376374836407,8.275376374836407,8.275376374836407,8.27715777243181,8.278428259199071
Rhode Island,7.6544432264701125,7.659642954564682,7.664346632098617,7.671826797878781,7.6787889981991535,7.682482446534506,7.690743163541872,7.696212639346407,7.707062655370473,7.711101251840158,7.718240951959316,7.721791776817535,7.728855823852543,7.734558844354756,7.739359202689098,7.742402021815782,7.748460023899697,7.751475318021456,7.755338812846501,7.758760544157663,7.763446388727362,7.769378609513984,7.7752758464868625,7.778211474512493,7.780720886117918,7.783640596221253,7.7886260656250315,7.791935956938058,7.794823152179389,7.798933310041217,7.803026643632217,7.8050670442584895,7.807916628926408,7.809135398120538,7.81035268372429,7.813591552952433,7.813995675002791,7.814803429489359,7.817222785508166,7.818430272070656,7.819636302367592,7.820439515262181,7.822444729489319,7.824046010856292,7.8252452914317745,7.8252452914317745,7.8252452914317745,7.8252452914317745,7.831220214604293,7.8343923029104365,7.837948916025283,7.8399193600125825,7.8407064517494,7.8407064517494,7.8407064517494,7.843848638152472,7.846589975291186,7.847762537473608,7.849323818040561,7.850882664809852,7.850882664809852,7.850882664809852,7.854381210652365,7.857093864902493,7.859026979751538,7.861341795599989,7.86172707782398,7.86172707782398,7.86172707782398,7.865187954187467,7.865955413933502,7.865955413933502,7.866338923046544,7.866722285136729,7.866722285136729,7.866722285136729,7.868636894184167,7.870547844507712,7.8709295967551425
West Virginia,7.399398083331354,7.421775793644647,7.440146680662688,7.458186157340487,7.474204806496124,7.482681828154651,7.487173694213739,7.504391559161238,7.515889085215125,7.52294091807237,7.526717561352706,7.5352967024440884,7.547501682814967,7.549609165154532,7.564757012905729,7.577633832602728,7.592870287844818,7.604396348796338,7.60887062919126,7.613324979540639,7.615298339825815,7.616775808698373,7.629975707027789,7.640603826393634,7.650168700845001,7.659171367666058,7.6638772587034705,7.664815785285735,7.67368812926773,7.685243607975833,7.690743163541872,7.696667081526462,7.697121317282625,7.701200180857446,7.70210434005105,7.7039102096163115,7.70796153183549,7.71289096149013,7.718240951959316,7.720905251936779,7.724004656676065,7.724888439323074,7.729735331385051,7.734558844354756,7.736743682453495,7.73718007783463,7.739794458408701,7.741099090035366,7.741099090035366,7.741533589281828,7.745002803515839,7.745002803515839,7.7488913372555315,7.751045117971802,7.75190533307861,7.75190533307861,7.752335163302292,7.754052639035757,7.757478766584179,7.828834527588089,7.832014180505469,7.836369760545124,7.836764783264067,7.842671474979457,7.850103545175582,7.852050207265889,7.8636512654486515,7.8636512654486515,7.865955413933502,7.868254265520613,7.868636894184167,7.8709295967551425,7.872836175025724,7.874358824729881,7.875499292445208,7.876638460975463,7.878155336503324,7.878912912297133,7.892452043520352
Oregon,7.419380582918692,7.443663683115591,7.460490305825338,7.472500744737558,7.495541943884256,7.496097345175956,7.4977617006225685,7.500529485395295,7.513709247839705,7.519692404116539,7.531552381407289,7.537962659768208,7.53955882930103,7.5406215286571525,7.552237287560802,7.562681246721884,7.565793282428515,7.569927655242652,7.579678823090456,7.579678823090456,7.580189417944541,7.591861714889934,7.596894438144544,7.6004023345004,7.602401335665818,7.611347717403621,7.6128310304073565,7.613324979540639,7.616775808698373,7.623153068476902,7.6290038896529575,7.647308832356238,7.6676260915849905,7.6676260915849905,7.6676260915849905,7.668093709082406,7.670428522190693,7.673223121121708,7.673223121121708,7.675546002537848,7.6760099320288875,7.676473646389156,7.679251425953058,7.693937325509272,7.6984827878809465,7.699389406256737,7.700295203420117,7.700295203420117,7.70210434005105,7.70796153183549,7.720017940432244,7.734121303328305,7.738052297689316,7.739359202689098,7.739359202689098,7.740229524763182,7.742402021815782,7.743269700829004,7.748028524432376,7.749322464660356,7.750614732770409,7.750614732770409,7.751475318021456,7.760893195851024,7.762170607138205,7.763871287820222,7.765569081097317,7.767687277186908,7.768110378525988,7.768956044538332,7.769800996003896,7.7702232041587855,7.771067086065406,7.772331575169614,7.773173680482536,7.773173680482536,7.773173680482536,7.775695749915245,7.776535028185241
Nebraska,7.491087593534876,7.4977617006225685,7.506042178518122,7.516433302915632,7.516433302915632,7.516433302915632,7.519149957669823,7.519149957669823,7.529943370601589,7.533158807455563,7.538494999413465,7.539027055823995,7.539027055823995,7.546974117516527,7.552762084214147,7.559038255443384,7.561121589530238,7.561121589530238,7.561121589530238,7.561121589530238,7.561121589530238,7.5652752818989315,7.566311014772463,7.577121930876679,7.580189417944541,7.585281078639126,7.585281078639126,7.585281078639126,7.590346945602565,7.594381242551817,7.596392304064196,7.602401335665818,7.602401335665818,7.602401335665818,7.602900462204755,7.60339933974067,7.610357618312838,7.613818684808629,7.622663951323595,7.6246189861593985,7.6246189861593985,7.6246189861593985,7.62608275807238,7.628031126930335,7.6324011266014535,7.639642287858013,7.641564441260972,7.641564441260972,7.641564441260972,7.642524134232902,7.645875825184813,7.646353722445999,7.655864017616056,7.656337166430183,7.656337166430183,7.656337166430183,7.656337166430183,7.659642954564682,7.660585461703256,7.661527081358517,7.662937850461535,7.662937850461535,7.662937850461535,7.663407664893479,7.6638772587034705,7.664346632098617,7.665753431861699,7.666690200080086,7.666690200080086,7.666690200080086,7.6676260915849905,7.680637427560936,7.684783943522785,7.685243607975833,7.685243607975833,7.685243607975833,7.685243607975833,7.686162303492906,7.687538766201629
Utah,7.260522598089852,7.27931883541462,7.2868764117507,7.29505641646263,7.303843225277705,7.309212365692763,7.313886831633462,7.318539548567902,7.325148957955575,7.344719054149673,7.360103972989152,7.367077059881012,7.3752557780097545,7.37650812632622,7.3864708488298945,7.390798521735676,7.390798521735676,7.412160334945205,7.416979621381154,7.418180822726788,7.419979923661835,7.430114138561801,7.437206366871292,7.445417556701687,7.455298485683291,7.458186157340487,7.459914766241105,7.461065514354283,7.466799475018602,7.476472381163905,7.4815557019095165,7.487733761436444,7.490529402060711,7.492760300922379,7.493873886783559,7.494430215031565,7.499423290592229,7.503289630675082,7.51479976048867,7.519149957669823,7.52456122628536,7.5251007461258,7.531552381407289,7.539027055823995,7.544861068658458,7.553810852008231,7.5652752818989315,7.568379267836522,7.57095858316901,7.575584651557793,7.578656850594762,7.584264818389059,7.58629630715272,7.588829878307813,7.589335823170617,7.589841512182657,7.596392304064196,7.597396320212795,7.60887062919126,7.609862200913554,7.611842399580417,7.614805364711073,7.614805364711073,7.617267813628347,7.61972421378267,7.621684998724611,7.629975707027789,7.630946580890459,7.631916513071252,7.631916513071252,7.639161171659173,7.641564441260972,7.644440761556566,7.645875825184813,7.650644551436897,7.656810091480378,7.656810091480378,7.6586995582682995,7.660585461703256
Idaho,7.350516171833998,7.355641102974253,7.3727463664043285,7.38025578842646,7.381501894506707,7.382746449738912,7.382746449738912,7.401231264413015,7.401231264413015,7.411556287811163,7.419380582918692,7.419979923661835,7.4205789054108005,7.427738840532894,7.4318919168078,7.44716835960004,7.451241684987676,7.453561871643373,7.453561871643373,7.453561871643373,7.459338895220296,7.462789157412448,7.466799475018602,7.466799475018602,7.472500744737558,7.477604243197589,7.477604243197589,7.482681828154651,7.484930283289661,7.491087593534876,7.491087593534876,7.493873886783559,7.4977617006225685,7.4977617006225685,7.4977617006225685,7.499423290592229,7.505492274737424,7.510430556378006,7.510430556378006,7.510430556378006,7.510430556378006,7.510430556378006,7.518064181233078,7.518064181233078,7.523481312573497,7.528331766707247,7.528869256642251,7.528869256642251,7.532623618788788,7.534762657037537,7.537430036586509,7.537430036586509,7.537430036586509,7.539027055823995,7.539027055823995,7.544861068658458,7.545918151209323,7.550661243105336,7.553286605600419,7.554858521040676,7.555381944240273,7.555381944240273,7.558516743045645,7.5652752818989315,7.568379267836522,7.569927655242652,7.571473648851271,7.571473648851271,7.571473648851271,7.5740450053721995,7.5766097669730375,7.577121930876679,7.578145472419466,7.578145472419466,7.578145472419466,7.578145472419466,7.579678823090456,7.579678823090456,7.5822291942764615
South Dakota,7.368970402194793,7.380879035564116,7.387090235656757,7.396335293800808,7.3987862754199485,7.4127640174265625,7.419380582918692,7.419380582918692,7.419380582918692,7.422971251049421,7.429520842786462,7.436617265234227,7.441906728051625,7.441906728051625,7.441906728051625,7.461640392208575,7.475339236566737,7.478169694159785,7.4821189235521155,7.483806687665835,7.483806687665835,7.484368643286131,7.48605261786314,7.489412083508719,7.4949862339505335,7.498315870766981,7.501082124259871,7.501082124259871,7.501082124259871,7.504391559161238,7.512071245835466,7.513163545234075,7.516977224604321,7.520234556474628,7.520234556474628,7.520234556474628,7.520234556474628,7.521859252201629,7.5251007461258,7.528331766707247,7.530479995245536,7.530479995245536,7.530479995245536,7.5310163320779155,7.5352967024440884,7.539027055823995,7.54274354536855,7.543802867501509,7.543802867501509,7.543802867501509,7.546446273746024,7.5480289699350145,7.5480289699350145,7.549082710812286,7.550135342488429,7.550661243105336,7.550661243105336,7.552237287560802,7.552762084214147,7.553810852008231,7.554858521040676,7.556427969440253,7.556427969440253,7.556427969440253,7.557994958530806,7.560080465021827,7.560080465021827,7.56164174558878,7.562161631225652,7.562161631225652,7.562161631225652,7.562681246721884,7.564238475170491,7.564757012905729,7.56734567601324,7.56734567601324,7.56734567601324,7.568379267836522,7.568379267836522
Delaware,7.05444965813294,7.062191632286556,7.072421900537371,7.075808863978387,7.080867896690782,7.0909098220799835,7.099201743553092,7.106606137727303,7.113956109566034,7.124478262493424,7.133295954896068,7.134890851565884,7.145196134997171,7.148345743900068,7.152268856032539,7.157735484249907,7.164720378771857,7.170119543449628,7.171656822768514,7.174724309836376,7.1770187659099,7.183111701743281,7.1846291527173145,7.186901020411631,7.189922170745808,7.1929342212158,7.197435354096591,7.200424892944957,7.203405521083095,7.205635176410364,7.208600337960199,7.210079628170788,7.213031659834869,7.216709486709457,7.21890970761906,7.21890970761906,7.2196420401307355,7.220373836723949,7.220373836723949,7.220373836723949,7.221105098182496,7.221835825288449,7.22983877815125,7.246368080102461,7.249215057114389,7.257707677160043,7.257707677160043,7.260522598089852,7.260522598089852,7.2633296174768365,7.273092595999522,7.275864600546533,7.282073658093465,7.289610521451167,7.295735072749282,7.297091005160418,7.301822342137932,7.30854279753919,7.3098814858247865,7.311218384419629,7.316548177182976,7.318539548567902,7.321188556739478,7.323170717943469,7.324489979348532,7.325148957955575,7.328437352895162,7.3310603052186325,7.333023014386481,7.3343293503005365,7.336936913707618,7.336936913707618,7.337587743538596,7.337587743538596,7.3427791893318455,7.3427791893318455,7.347943823148687,7.352441100243583,7.352441100243583
North Dakota,7.218176838403408,7.21890970761906,7.224753405767971,7.241366283322318,7.247080584585756,7.249215057114389,7.249215057114389,7.25063551189868,7.251344983372214,7.260522598089852,7.264730177929867,7.270312886079025,7.270312886079025,7.270312886079025,7.273092595999522,7.273786317844895,7.274479558773871,7.275864600546533,7.277938572945661,7.277938572945661,7.277938572945661,7.277938572945661,7.277938572945661,7.277938572945661,7.280697195384741,7.282073658093465,7.282073658093465,7.282761179605593,7.284820912568604,7.286191714702382,7.2868764117507,7.2875606403097235,7.2875606403097235,7.2875606403097235,7.2875606403097235,7.2875606403097235,7.2875606403097235,7.290292882446597,7.290292882446597,7.291656209174461,7.292337176173877,7.292337176173877,7.293017679772782,7.293697720601438,7.294377299288821,7.29505641646263,7.297091005160418,7.297091005160418,7.297091005160418,7.298445101508147,7.2991214627108,7.2991214627108,7.2991214627108,7.299797366758161,7.299797366758161,7.299797366758161,7.299797366758161,7.301147805856032,7.303843225277705,7.304515946460155,7.305860032684009,7.305860032684009,7.305860032684009,7.306531398939505,7.307202314764738,7.307202314764738,7.307872780763706,7.30854279753919,7.30854279753919,7.30854279753919,7.3098814858247865,7.310550158534422,7.311886164077165,7.312553498102598,7.312553498102598,7.312553498102598,7.312553498102598,7.312553498102598,7.312553498102598
Montana,6.97354301952014,6.975413927455952,6.982862751468942,6.99117688712121,6.9930151229329605,6.996681488176539,6.9975959829819265,6.9975959829819265,6.9985096422506015,7.00397413672268,7.007600613951853,7.040536390215956,7.049254841255837,7.049254841255837,7.078341579557671,7.091742115095153,7.099201743553092,7.113142108707088,7.117205503164344,7.1180162044653335,7.118826249062078,7.1308988302963465,7.1731917424865985,7.1770187659099,7.1770187659099,7.180069874302796,7.181591944611865,7.181591944611865,7.182352111885263,7.186144304522325,7.186144304522325,7.1891677384203225,7.191429330036379,7.191429330036379,7.192182058713246,7.194436851100335,7.19668657083435,7.198931240688173,7.200424892944957,7.201916317531627,7.202661196523238,7.202661196523238,7.205635176410364,7.207118856207756,7.208600337960199,7.2115567333138015,7.213031659834869,7.213768308118642,7.213768308118642,7.224753405767971,7.2254814727822945,7.226936018493289,7.22983877815125,7.22983877815125,7.231287004327616,7.231287004327616,7.234177179749849,7.23561914106675,7.238496840894365,7.239214973779806,7.239214973779806,7.239214973779806,7.2399325913204695,7.242082359256962,7.242082359256962,7.249215057114389,7.251344983372214,7.254884810077338,7.254884810077338,7.254884810077338,7.258412150595307,7.266827347520591,7.269616749608169,7.269616749608169,7.270312886079025,7.270312886079025,7.270312886079025,7.271008538280992,7.271008538280992
New Hampshire,6.778784897685177,6.786716950605081,6.8001700683022,6.812345094177479,6.833031732786201,6.839476438228843,6.839476438228843,6.844815479208263,6.85751406254539,6.870053411798126,6.879355804460439,6.889591308354466,6.895682697747868,6.898714534329988,6.902742737158593,6.914730892718563,6.930494765951626,6.9440872082295275,6.949856455000773,6.964135612418245,6.966024187106113,6.966024187106113,6.981934677156389,6.990256500493881,6.9957661563048505,7.002155954403621,7.007600613951853,7.009408932708637,7.01211529430638,7.018401799069201,7.0192966537150445,7.027314514039777,7.030857476116121,7.033506484287697,7.035268599281097,7.036148493750536,7.046647277848756,7.048386408721883,7.050122520269059,7.050989447068045,7.051855622955894,7.051855622955894,7.052721049232323,7.05444965813294,7.059617628291383,7.0630481633881725,7.065613363597717,7.065613363597717,7.065613363597717,7.065613363597717,7.069874128458572,7.072421900537371,7.072421900537371,7.074963197966044,7.077498053569231,7.077498053569231,7.078341579557671,7.080026499922591,7.083387847625295,7.086737934510577,7.090076835776092,7.090076835776092,7.090076835776092,7.0925737159746784,7.0925737159746784,7.0967213784947605,7.101675971619444,7.1049654482698426,7.1049654482698426,7.1049654482698426,7.105786129481271,7.113956109566034,7.114769448366463,7.116394144093465,7.119635638017636,7.121252453244542,7.121252453244542,7.121252453244542,7.122059881629142
Maine,6.1092475827643655,6.118097198041348,6.135564891081739,6.169610732491456,6.230481447578482,6.238324625039508,6.244166900663736,6.253828811575473,6.274762021241939,6.285998094508865,6.293419278846481,6.300785794663244,6.300785794663244,6.306275286948016,6.326149473155099,6.333279628139691,6.342121418721152,6.3473892096560105,6.3818160174060985,6.3818160174060985,6.39024066706535,6.428105272684596,6.4425401664681985,6.447305862541213,6.450470422144176,6.453624998892692,6.455198563340122,6.456769655572163,6.461468176353717,6.464588303689961,6.464588303689961,6.467698726104354,6.473890696352274,6.476972362889683,6.476972362889683,6.480044561926653,6.484635235635252,6.486160788944089,6.48768401848461,6.490723534502507,6.490723534502507,6.490723534502507,6.493753839851686,6.519147287940395,6.553933404025811,6.553933404025811,6.555356891810665,6.556778356158042,6.556778356158042,6.556778356158042,6.559615237493242,6.559615237493242,6.559615237493242,6.559615237493242,6.561030665896573,6.561030665896573,6.584791392385716,6.584791392385716,6.584791392385716,6.584791392385716,6.586171654854675,6.586171654854675,6.587550014824796,6.587550014824796,6.587550014824796,6.590301048196686,6.591673732008658,6.591673732008658,6.593044534142437,6.593044534142437,6.595780513961311,6.595780513961311,6.595780513961311,6.595780513961311,6.602587892189336,6.602587892189336,6.602587892189336,6.6052979209482015,6.612041034833092
Wyoming,6.259581464064923,6.259581464064923,6.259581464064923,6.259581464064923,6.259581464064923,6.259581464064923,6.259581464064923,6.311734809152915,6.311734809152915,6.311734809152915,6.349138991379798,6.349138991379798,6.349138991379798,6.349138991379798,6.391917113392602,6.391917113392602,6.391917113392602,6.391917113392602,6.391917113392602,6.391917113392602,6.391917113392602,6.437751649736401,6.437751649736401,6.437751649736401,6.437751649736401,6.437751649736401,6.437751649736401,6.437751649736401,6.473890696352274,6.473890696352274,6.473890696352274,6.473890696352274,6.473890696352274,6.473890696352274,6.473890696352274,6.4967749901858625,6.4967749901858625,6.4967749901858625,6.4967749901858625,6.4967749901858625,6.4967749901858625,6.4967749901858625,6.51025834052315,6.51025834052315,6.51025834052315,6.51025834052315,6.51025834052315,6.51025834052315,6.51025834052315,6.52649485957079,6.52649485957079,6.52649485957079,6.52649485957079,6.52649485957079,6.52649485957079,6.52649485957079,6.539585955617669,6.539585955617669,6.539585955617669,6.539585955617669,6.539585955617669,6.539585955617669,6.539585955617669,6.542471960506805,6.542471960506805,6.542471960506805,6.542471960506805,6.542471960506805,6.542471960506805,6.542471960506805,6.54534966033442,6.54534966033442,6.54534966033442,6.54534966033442,6.54534966033442,6.54534966033442,6.54534966033442,6.54534966033442,6.55250788703459
Hawaii,5.736572297479192,5.746203190540153,5.765191102784844,5.765191102784844,5.771441123130016,5.777652323222656,5.777652323222656,5.783825182329737,5.786897381366708,5.796057750765372,5.808142489980444,5.820082930352362,5.8377304471659395,5.8377304471659395,5.996452088619021,6.003887067106539,6.008813185442595,6.0112671744041615,6.0112671744041615,6.018593214496234,6.018593214496234,6.018593214496234,6.028278520230698,6.0330862217988015,6.0330862217988015,6.0330862217988015,6.037870919922137,6.037870919922137,6.037870919922137,6.049733455231958,6.052089168924417,6.054439346269371,6.054439346269371,6.056784013228625,6.056784013228625,6.056784013228625,6.059123195581797,6.061456918928017,6.066108090103747,6.066108090103747,6.068425588244111,6.068425588244111,6.068425588244111,6.077642243349034,6.077642243349034,6.082218910376446,6.0867747269123065,6.0867747269123065,6.0867747269123065,6.0867747269123065,6.091309882077698,6.091309882077698,6.095824562432225,6.09807428216624,6.100318952020064,6.100318952020064,6.100318952020064,6.1070228877422545,6.1070228877422545,6.1092475827643655,6.111467339502679,6.113682179832232,6.113682179832232,6.113682179832232,6.113682179832232,6.113682179832232,6.115892125483034,6.118097198041348,6.12029741895095,6.12029741895095,6.12029741895095,6.126869184114185,6.129050210060545,6.131226489483141,6.137727054086234,6.137727054086234,6.137727054086234,6.137727054086234,6.139884552226255
Alaska,5.420534999272286,5.424950017481403,5.43372200355424,5.438079308923196,5.438079308923196,5.438079308923196,5.438079308923196,5.442417710521793,5.537334267018537,5.541263545158426,5.541263545158426,5.560681631015528,5.560681631015528,5.560681631015528,5.564520407322694,5.568344503761097,5.572154032177765,5.572154032177765,5.572154032177765,5.572154032177765,5.572154032177765,5.634789603169249,5.634789603169249,5.634789603169249,5.634789603169249,5.634789603169249,5.634789603169249,5.634789603169249,5.638354669333745,5.638354669333745,5.638354669333745,5.645446897643238,5.645446897643238,5.645446897643238,5.645446897643238,5.662960480135946,5.666426688112432,5.666426688112432,5.66988092298052,5.66988092298052,5.66988092298052,5.673323267171493,5.673323267171493,5.673323267171493,5.673323267171493,5.673323267171493,5.673323267171493,5.673323267171493,5.707110264748875,5.713732805509369,5.717027701406222,5.717027701406222,5.723585101952381,5.723585101952381,5.723585101952381,5.723585101952381,5.723585101952381,5.723585101952381,5.723585101952381,5.726847747587197,5.726847747587197,5.726847747587197,5.726847747587197,5.726847747587197,5.730099782973574,5.739792912179234,5.739792912179234,5.739792912179234,5.739792912179234,5.739792912179234,5.746203190540153,5.746203190540153,5.749392985908253,5.749392985908253,5.749392985908253,5.749392985908253,5.749392985908253,5.749392985908253,5.749392985908253
Vermont,5.0689042022202315,5.0689042022202315,5.093750200806762,5.099866427824199,5.099866427824199,5.099866427824199,5.099866427824199,5.099866427824199,5.111987788356544,5.1298987149230735,5.135798437050262,5.14166355650266,5.14166355650266,5.147494476813453,5.147494476813453,5.153291594497779,5.153291594497779,5.153291594497779,5.159055299214529,5.1647859739235145,5.170483995038151,5.176149732573829,5.19295685089021,5.204006687076795,5.204006687076795,5.209486152841421,5.214935757608986,5.214935757608986,5.231108616854587,5.236441962829949,5.241747015059643,5.247024072160486,5.247024072160486,5.247024072160486,5.25227342804663,5.2574953720277815,5.2574953720277815,5.267858159063328,5.267858159063328,5.2832037287379885,5.288267030694535,5.293304824724492,5.298317366548036,5.308267697401205,5.318119993844216,5.3230099791384085,5.3230099791384085,5.3230099791384085,5.327876168789581,5.332718793265369,5.337538079701318,5.337538079701318,5.337538079701318,5.342334251964811,5.342334251964811,5.342334251964811,5.356586274672012,5.356586274672012,5.356586274672012,5.3612921657094255,5.3706380281276624,5.3706380281276624,5.3706380281276624,5.375278407684165,5.384495062789089,5.384495062789089,5.384495062789089,5.393627546352362,5.393627546352362,5.393627546352362,5.3981627015177525,5.407171771460119,5.4116460518550396,5.41610040220442,5.41610040220442,5.420534999272286,5.420534999272286,5.420534999272286,5.429345628954441
